{"_type":"export","__export_format":4,"__export_date":"2020-03-27T19:47:51.587Z","__export_source":"insomnia.desktop.app:v7.1.1","resources":[{"_id":"req_0798ca40d38c4f78a217b4a49ca1bef8","authentication":{},"body":{"mimeType":"application/json","text":"{\"firstname\":\"Paula\"}"},"created":1580855112632,"description":"","headers":[{"description":"","id":"pair_f0e6c8839ded49ac8e1884a124e847e4","name":"","value":""},{"id":"pair_4abcfcdbe77f46dfbf2977569c2914aa","name":"Content-Type","value":"application/json"}],"isPrivate":false,"metaSortKey":-1580855454871,"method":"PUT","modified":1585338377256,"name":"Actualizar profesor","parameters":[],"parentId":"fld_a1d78c894aea4e00b7129b1fc6e359be","settingDisableRenderRequestBody":false,"settingEncodeUrl":true,"settingFollowRedirects":"global","settingRebuildPath":true,"settingSendCookies":true,"settingStoreCookies":true,"url":" http://127.0.0.1:5000/professor/2","_type":"request"},{"_id":"fld_a1d78c894aea4e00b7129b1fc6e359be","created":1580855897832,"description":"","environment":{},"environmentPropertyOrder":null,"metaSortKey":-1580855897832,"modified":1580855897832,"name":"Profesor","parentId":"fld_0949735848f5408a9beb2c938e97d8b4","_type":"request_group"},{"_id":"fld_0949735848f5408a9beb2c938e97d8b4","created":1580855845440,"description":"","environment":{},"environmentPropertyOrder":null,"metaSortKey":-1580855845465,"modified":1580855861755,"name":"ProgI","parentId":"wrk_fb92ac6aed974ec0a4c3b770ac8d16ec","_type":"request_group"},{"_id":"wrk_fb92ac6aed974ec0a4c3b770ac8d16ec","created":1580850694281,"description":"","modified":1580850694281,"name":"Insomnia","parentId":null,"_type":"workspace"},{"_id":"req_a68fab4c9561437a908691c498c71eb2","authentication":{},"body":{},"created":1580855063477,"description":"","headers":[],"isPrivate":false,"metaSortKey":-1580855454821,"method":"DELETE","modified":1585337971334,"name":"Eliminar profesor","parameters":[],"parentId":"fld_a1d78c894aea4e00b7129b1fc6e359be","settingDisableRenderRequestBody":false,"settingEncodeUrl":true,"settingFollowRedirects":"global","settingRebuildPath":true,"settingSendCookies":true,"settingStoreCookies":true,"url":" http://127.0.0.1:5000/professor/1","_type":"request"},{"_id":"req_066d485a76214b43a93dcfc7bd730b54","authentication":{},"body":{},"created":1580855013584,"description":"","headers":[],"isPrivate":false,"metaSortKey":-1580855454771,"method":"GET","modified":1585338382393,"name":"Ver profesor","parameters":[],"parentId":"fld_a1d78c894aea4e00b7129b1fc6e359be","settingDisableRenderRequestBody":false,"settingEncodeUrl":true,"settingFollowRedirects":"global","settingRebuildPath":true,"settingSendCookies":true,"settingStoreCookies":true,"url":" http://127.0.0.1:5000/professor/2","_type":"request"},{"_id":"req_969b6d3200864101892e6e95a9176d88","authentication":{},"body":{"mimeType":"application/json","text":"{\"firtname\":\"Marta\",\"lastname\":\"Lara\"}"},"created":1580854710243,"description":"","headers":[{"id":"pair_c937da4f5122466abf9a2645f13de33e","name":"Content-Type","value":"application/json"}],"isPrivate":false,"metaSortKey":-1580855454721,"method":"POST","modified":1580855904704,"name":"Agregar profesor","parameters":[],"parentId":"fld_a1d78c894aea4e00b7129b1fc6e359be","settingDisableRenderRequestBody":false,"settingEncodeUrl":true,"settingFollowRedirects":"global","settingRebuildPath":true,"settingSendCookies":true,"settingStoreCookies":true,"url":" http://127.0.0.1:5000/professors","_type":"request"},{"_id":"req_c4f0cbd5a10a45dfa4e2a06cd2786b79","authentication":{},"body":{},"created":1580854243498,"description":"","headers":[],"isPrivate":false,"metaSortKey":-1580855454671,"method":"GET","modified":1580855900751,"name":"Lista profesores","parameters":[],"parentId":"fld_a1d78c894aea4e00b7129b1fc6e359be","settingDisableRenderRequestBody":false,"settingEncodeUrl":true,"settingFollowRedirects":"global","settingRebuildPath":true,"settingSendCookies":true,"settingStoreCookies":true,"url":" http://127.0.0.1:5000/professors","_type":"request"},{"_id":"env_995f146d288cf0647ac5c3b517e12d338189d170","color":null,"created":1580850694323,"data":{},"dataPropertyOrder":null,"isPrivate":false,"metaSortKey":1580850694323,"modified":1580850694323,"name":"Base Environment","parentId":"wrk_fb92ac6aed974ec0a4c3b770ac8d16ec","_type":"environment"},{"_id":"jar_995f146d288cf0647ac5c3b517e12d338189d170","cookies":[],"created":1580850694325,"modified":1580850694325,"name":"Default Jar","parentId":"wrk_fb92ac6aed974ec0a4c3b770ac8d16ec","_type":"cookie_jar"}]}